ProducerProductId,ProducerId,ProductCatalogId,Price,Currency,VatRate,Packaging,Grade,OrganicCert,HarvestDate,ExpiryDate,MinOrder,MaxPerOrder,Stock,Status,CreatedAt,UpdatedAt,IsActive
PP-IWYK7TCFN4,PR-867,CAT-0001,1079.85,CRC,0.13,bolsa 500g,segunda,,2025-11-10,2025-11-12,,,92,available,2025-11-10,2025-11-10,True
PP-PFQHJVPYSD,PR-548,CAT-0002,1621.63,CRC,0.13,bolsa 500g,standard,,2025-11-10,2025-12-01,,,173,available,2025-11-10,2025-11-10,True
PP-GMHDFBLIZZ,PR-490,CAT-0003,1121.64,CRC,0.13,manojo,premium,,2025-11-10,2025-11-30,,,16,available,2025-11-10,2025-11-10,True
PP-DHT28S9E7C,PR-967,CAT-0004,991.29,CRC,0.13,kg,segunda,,2025-11-10,2025-11-22,,,194,available,2025-11-10,2025-11-10,True
PP-5SZWEDC3IO,PR-331,CAT-0005,1023.19,CRC,0.13,docena,standard,,2025-11-10,2025-12-08,,,197,available,2025-11-10,2025-11-10,True
PP-ODIV4R9YL9,PR-811,CAT-0006,1097.56,CRC,0.13,bandeja 12u,segunda,,2025-11-10,2025-11-22,,,45,available,2025-11-10,2025-11-10,True
PP-BMTDG7L0RW,PR-140,CAT-0007,1838.03,CRC,0.13,docena,premium,,2025-11-10,2025-11-25,,,26,available,2025-11-10,2025-11-10,True
PP-Y8UMRIG90H,PR-485,CAT-0008,2751.83,CRC,0.13,bandeja 12u,premium,,2025-11-10,2025-11-24,,,190,available,2025-11-10,2025-11-10,True
PP-ZZJQP8OVUE,PR-548,CAT-0009,1026.49,CRC,0.13,bolsa 500g,standard,,2025-11-10,2025-12-05,,,67,available,2025-11-10,2025-11-10,True
PP-V7F1D3DDLP,PR-351,CAT-0010,2675.93,CRC,0.13,manojo,premium,,2025-11-10,2025-11-18,,,91,available,2025-11-10,2025-11-10,True
PP-V5ACJKCOAC,PR-726,CAT-0011,2392.47,CRC,0.13,unidad,premium,,2025-11-10,2025-12-09,,,14,available,2025-11-10,2025-11-10,True
PP-2RSJTM95WR,PR-949,CAT-0012,2821.65,CRC,0.13,kg,standard,,2025-11-10,2025-11-16,,,135,available,2025-11-10,2025-11-10,True
PP-9V38E4IEBU,PR-490,CAT-0013,2065.65,CRC,0.13,unidad,premium,,2025-11-10,2025-11-17,,,180,available,2025-11-10,2025-11-10,True
PP-HCSQCEJ0FD,PR-572,CAT-0014,1656.9,CRC,0.13,docena,premium,,2025-11-10,2025-11-30,,,115,available,2025-11-10,2025-11-10,True
PP-U69CN08CKX,PR-140,CAT-0015,1031.12,CRC,0.13,docena,segunda,,2025-11-10,2025-12-06,,,152,available,2025-11-10,2025-11-10,True
PP-5ZF7XVH6WN,PR-548,CAT-0016,2854.89,CRC,0.13,unidad,standard,,2025-11-10,2025-11-11,,,166,available,2025-11-10,2025-11-10,True
PP-G0H46R10PB,PR-285,CAT-0017,2046.25,CRC,0.13,bandeja 12u,premium,,2025-11-10,2025-11-19,,,21,available,2025-11-10,2025-11-10,True
PP-JUMGE4CEUM,PR-967,CAT-0018,2616.24,CRC,0.13,docena,standard,,2025-11-10,2025-11-28,,,77,available,2025-11-10,2025-11-10,True
PP-ZV3X3U9FHV,PR-949,CAT-0019,1090.92,CRC,0.13,kg,segunda,,2025-11-10,2025-11-16,,,157,available,2025-11-10,2025-11-10,True
PP-SALXVW7WXI,PR-967,CAT-0020,2858.07,CRC,0.13,bandeja 12u,segunda,,2025-11-10,2025-11-19,,,151,available,2025-11-10,2025-11-10,True
PP-ER7HJIYGRO,PR-318,CAT-0021,440.04,CRC,0.13,bolsa 500g,segunda,,2025-11-10,2025-11-11,,,83,available,2025-11-10,2025-11-10,True
PP-M6WE0ANGY3,PR-603,CAT-0022,1101.16,CRC,0.13,manojo,standard,,2025-11-10,2025-12-10,,,193,available,2025-11-10,2025-11-10,True
PP-2P6JY8S69W,PR-285,CAT-0023,1476.57,CRC,0.13,kg,premium,,2025-11-10,2025-12-02,,,17,available,2025-11-10,2025-11-10,True
PP-E15JSQMT7V,PR-920,CAT-0024,2819.53,CRC,0.13,bandeja 12u,segunda,,2025-11-10,2025-11-29,,,131,available,2025-11-10,2025-11-10,True
PP-4FDPQGK5H9,PR-485,CAT-0025,1777.74,CRC,0.13,bolsa 500g,premium,,2025-11-10,2025-11-27,,,173,available,2025-11-10,2025-11-10,True
PP-0HA060R017,PR-613,CAT-0026,1034.36,CRC,0.13,kg,standard,,2025-11-10,2025-11-21,,,88,available,2025-11-10,2025-11-10,True
PP-L83WCXC2N0,PR-603,CAT-0027,2057.95,CRC,0.13,unidad,standard,,2025-11-10,2025-12-01,,,20,available,2025-11-10,2025-11-10,True
PP-XRR87NH129,PR-726,CAT-0028,2233.75,CRC,0.13,bolsa 500g,standard,,2025-11-10,2025-11-26,,,43,available,2025-11-10,2025-11-10,True
PP-VMRC8GVE3E,PR-572,CAT-0029,1126.51,CRC,0.13,docena,standard,,2025-11-10,2025-11-28,,,131,available,2025-11-10,2025-11-10,True
PP-PC53HQH93Y,PR-112,CAT-0030,2567.01,CRC,0.13,bandeja 12u,standard,,2025-11-10,2025-11-27,,,131,available,2025-11-10,2025-11-10,True
PP-JT9RD0WVQ7,PR-331,CAT-0031,2950.53,CRC,0.13,kg,standard,,2025-11-10,2025-11-21,,,155,available,2025-11-10,2025-11-10,True
PP-TV6MJQ7CXZ,PR-285,CAT-0032,2592.78,CRC,0.13,manojo,standard,,2025-11-10,2025-11-25,,,59,available,2025-11-10,2025-11-10,True
PP-ORRC6ZLND5,PR-285,CAT-0033,2860.52,CRC,0.13,bolsa 500g,segunda,,2025-11-10,2025-11-18,,,107,available,2025-11-10,2025-11-10,True
PP-Q2Y3B9UZM3,PR-135,CAT-0034,2951.99,CRC,0.13,manojo,premium,,2025-11-10,2025-11-16,,,180,available,2025-11-10,2025-11-10,True
PP-BLZA88H80B,PR-409,CAT-0035,2838.06,CRC,0.13,bandeja 12u,segunda,,2025-11-10,2025-11-26,,,116,available,2025-11-10,2025-11-10,True
PP-0JW26M7IMQ,PR-949,CAT-0036,2520.8,CRC,0.13,manojo,premium,,2025-11-10,2025-12-01,,,11,available,2025-11-10,2025-11-10,True
PP-UO3P233C1I,PR-318,CAT-0037,2656.1,CRC,0.13,bolsa 500g,premium,,2025-11-10,2025-11-27,,,78,available,2025-11-10,2025-11-10,True
PP-QLQB0AG6FO,PR-892,CAT-0038,1070.54,CRC,0.13,docena,premium,,2025-11-10,2025-11-25,,,60,available,2025-11-10,2025-11-10,True
PP-F11RT78HSL,PR-125,CAT-0039,1986.95,CRC,0.13,bolsa 500g,segunda,,2025-11-10,2025-11-24,,,128,available,2025-11-10,2025-11-10,True
PP-IILZ1LQTCQ,PR-351,CAT-0040,2302.31,CRC,0.13,manojo,premium,,2025-11-10,2025-11-20,,,182,available,2025-11-10,2025-11-10,True
PP-1V2EUK3OWI,PR-867,CAT-0041,3254.9,CRC,0.13,bandeja 12u,premium,,2025-11-10,2025-11-16,,,102,available,2025-11-10,2025-11-10,True
PP-XC09VREE1O,PR-578,CAT-0042,4270.61,CRC,0.13,bolsa 500g,premium,,2025-11-10,2025-11-17,,,110,available,2025-11-10,2025-11-10,True
PP-RW4IBU4P3I,PR-331,CAT-0043,2956.05,CRC,0.13,unidad,standard,,2025-11-10,2025-12-02,,,44,available,2025-11-10,2025-11-10,True
PP-8F7K3D58NV,PR-490,CAT-0044,2470.39,CRC,0.13,bandeja 12u,standard,,2025-11-10,2025-12-05,,,27,available,2025-11-10,2025-11-10,True
PP-2362T2NUS9,PR-548,CAT-0045,2735.02,CRC,0.13,bolsa 500g,premium,,2025-11-10,2025-11-18,,,119,available,2025-11-10,2025-11-10,True
PP-0OWBGOH3U0,PR-892,CAT-0046,1083.64,CRC,0.13,kg,segunda,,2025-11-10,2025-11-20,,,189,available,2025-11-10,2025-11-10,True
PP-Z94ATCGK05,PR-409,CAT-0047,1503.38,CRC,0.13,unidad,standard,,2025-11-10,2025-11-20,,,42,available,2025-11-10,2025-11-10,True
PP-TIHTWMQG3L,PR-578,CAT-0048,2064.38,CRC,0.13,bolsa 500g,premium,,2025-11-10,2025-11-13,,,186,available,2025-11-10,2025-11-10,True
PP-6AHLRJASH5,PR-125,CAT-0049,5375.82,CRC,0.13,bolsa 500g,standard,,2025-11-10,2025-11-21,,,132,available,2025-11-10,2025-11-10,True
PP-C41MXUCIVR,PR-867,CAT-0050,2830.11,CRC,0.13,bolsa 500g,standard,,2025-11-10,2025-12-10,,,159,available,2025-11-10,2025-11-10,True
PP-OY5F8E7CUH,PR-726,CAT-0051,2674.25,CRC,0.13,docena,premium,,2025-11-10,2025-11-19,,,20,available,2025-11-10,2025-11-10,True
PP-E992PK8C0Z,PR-603,CAT-0052,1939.78,CRC,0.13,manojo,premium,,2025-11-10,2025-12-05,,,73,available,2025-11-10,2025-11-10,True
PP-9XKWVYKOFP,PR-318,CAT-0053,1051.74,CRC,0.13,kg,premium,,2025-11-10,2025-11-24,,,44,available,2025-11-10,2025-11-10,True
PP-C7HX34CQI9,PR-285,CAT-0054,2317.33,CRC,0.13,unidad,premium,,2025-11-10,2025-11-19,,,115,available,2025-11-10,2025-11-10,True
PP-JVBE9RHYVI,PR-135,CAT-0055,1202.14,CRC,0.13,kg,standard,,2025-11-10,2025-11-20,,,125,available,2025-11-10,2025-11-10,True
PP-35EJPGJ4PJ,PR-613,CAT-0056,2704.2,CRC,0.13,unidad,standard,,2025-11-10,2025-11-27,,,89,available,2025-11-10,2025-11-10,True
PP-WZJSK5RBV3,PR-578,CAT-0057,2258.18,CRC,0.13,bandeja 12u,standard,,2025-11-10,2025-11-11,,,96,available,2025-11-10,2025-11-10,True
PP-9WBXIZYST6,PR-123,CAT-0058,2113.97,CRC,0.13,manojo,premium,,2025-11-10,2025-11-19,,,43,available,2025-11-10,2025-11-10,True
PP-25XRV7NZBT,PR-726,CAT-0059,5637.46,CRC,0.13,unidad,segunda,,2025-11-10,2025-12-07,,,120,available,2025-11-10,2025-11-10,True
PP-1MSPQASRII,PR-726,CAT-0060,2053.76,CRC,0.13,manojo,segunda,,2025-11-10,2025-11-28,,,101,available,2025-11-10,2025-11-10,True
PP-6QDLH4MCUM,PR-351,CAT-0061,2895.34,CRC,0.13,unidad,premium,,2025-11-10,2025-11-25,,,126,available,2025-11-10,2025-11-10,True
PP-LY57IE5LPP,PR-996,CAT-0062,1818.89,CRC,0.13,bolsa 500g,premium,,2025-11-10,2025-12-05,,,142,available,2025-11-10,2025-11-10,True
PP-3QYH6KQDZ4,PR-949,CAT-0063,1066.1,CRC,0.13,manojo,standard,,2025-11-10,2025-12-01,,,86,available,2025-11-10,2025-11-10,True
PP-N67RI3ENEK,PR-125,CAT-0064,860.63,CRC,0.13,unidad,premium,,2025-11-10,2025-11-24,,,32,available,2025-11-10,2025-11-10,True
PP-0O6GS4LQF0,PR-490,CAT-0065,1154.2,CRC,0.13,manojo,premium,,2025-11-10,2025-12-06,,,72,available,2025-11-10,2025-11-10,True
PP-A12CVJJ84C,PR-485,CAT-0066,2686.28,CRC,0.13,manojo,premium,,2025-11-10,2025-11-30,,,80,available,2025-11-10,2025-11-10,True
PP-OVOVGV8IKV,PR-578,CAT-0067,2419.96,CRC,0.13,kg,segunda,,2025-11-10,2025-12-10,,,174,available,2025-11-10,2025-11-10,True
PP-SN168XO7DT,PR-485,CAT-0068,2610.96,CRC,0.13,kg,segunda,,2025-11-10,2025-11-25,,,68,available,2025-11-10,2025-11-10,True
PP-1JP31Q1TC9,PR-548,CAT-0069,2408.99,CRC,0.13,bolsa 500g,premium,,2025-11-10,2025-12-01,,,69,available,2025-11-10,2025-11-10,True
PP-1T5ZMXEKUA,PR-485,CAT-0070,2000.78,CRC,0.13,bandeja 12u,premium,,2025-11-10,2025-12-10,,,33,available,2025-11-10,2025-11-10,True
PP-OM5P4O4VKS,PR-994,CAT-0071,2772.8,CRC,0.13,bolsa 500g,premium,,2025-11-10,2025-11-30,,,161,available,2025-11-10,2025-11-10,True
PP-ZSVVBDH5GX,PR-318,CAT-0072,2447.33,CRC,0.13,bolsa 500g,premium,,2025-11-10,2025-11-26,,,98,available,2025-11-10,2025-11-10,True
PP-FA575XL50U,PR-920,CAT-0073,985.4,CRC,0.13,manojo,premium,,2025-11-10,2025-11-29,,,164,available,2025-11-10,2025-11-10,True
PP-ACOMIJ8KJZ,PR-613,CAT-0074,2639.31,CRC,0.13,bandeja 12u,standard,,2025-11-10,2025-11-16,,,96,available,2025-11-10,2025-11-10,True
PP-RJZX3O6OGG,PR-994,CAT-0075,1002.12,CRC,0.13,bolsa 500g,segunda,,2025-11-10,2025-12-04,,,58,available,2025-11-10,2025-11-10,True
PP-UDFDUK81I1,PR-572,CAT-0076,2095.27,CRC,0.13,docena,segunda,,2025-11-10,2025-11-24,,,70,available,2025-11-10,2025-11-10,True
PP-61X9L5INZ0,PR-715,CAT-0077,2427.04,CRC,0.13,docena,segunda,,2025-11-10,2025-11-25,,,52,available,2025-11-10,2025-11-10,True
PP-OUC21U3NXR,PR-318,CAT-0078,1912.99,CRC,0.13,bolsa 500g,standard,,2025-11-10,2025-11-25,,,46,available,2025-11-10,2025-11-10,True
PP-FX3KZ5NQQW,PR-811,CAT-0079,1830.76,CRC,0.13,kg,premium,,2025-11-10,2025-11-22,,,67,available,2025-11-10,2025-11-10,True
PP-66M6F4X4S7,PR-920,CAT-0080,2353.85,CRC,0.13,bolsa 500g,standard,,2025-11-10,2025-11-24,,,120,available,2025-11-10,2025-11-10,True
PP-L3Q7UV2OIZ,PR-409,CAT-0081,944.8,CRC,0.13,kg,segunda,,2025-11-10,2025-12-02,,,115,available,2025-11-10,2025-11-10,True
PP-0HQLYRDSKR,PR-996,CAT-0082,2698.71,CRC,0.13,bolsa 500g,standard,,2025-11-10,2025-12-05,,,17,available,2025-11-10,2025-11-10,True
PP-ZVTTRTZJPT,PR-318,CAT-0083,2760.64,CRC,0.13,unidad,premium,,2025-11-10,2025-12-04,,,120,available,2025-11-10,2025-11-10,True
PP-MLUX9C40QL,PR-996,CAT-0084,1144.89,CRC,0.13,manojo,segunda,,2025-11-10,2025-11-26,,,126,available,2025-11-10,2025-11-10,True
PP-BNR5X6083K,PR-285,CAT-0085,1077.11,CRC,0.13,bandeja 12u,standard,,2025-11-10,2025-12-06,,,120,available,2025-11-10,2025-11-10,True
PP-HN9UHAYG5O,PR-140,CAT-0086,2262.64,CRC,0.13,bandeja 12u,segunda,,2025-11-10,2025-11-22,,,104,available,2025-11-10,2025-11-10,True
PP-0MRAEOPYYO,PR-892,CAT-0087,1711.24,CRC,0.13,kg,standard,,2025-11-10,2025-11-15,,,45,available,2025-11-10,2025-11-10,True
PP-W7U8NQFMTB,PR-490,CAT-0088,2452.34,CRC,0.13,docena,segunda,,2025-11-10,2025-12-10,,,101,available,2025-11-10,2025-11-10,True
PP-E1N846SGO3,PR-135,CAT-0089,2160.01,CRC,0.13,bandeja 12u,premium,,2025-11-10,2025-12-04,,,81,available,2025-11-10,2025-11-10,True
PP-FI1SRNNTFI,PR-590,CAT-0090,1297.02,CRC,0.13,kg,segunda,,2025-11-10,2025-12-03,,,197,available,2025-11-10,2025-11-10,True
PP-FLTYUHGUHU,PR-996,CAT-0091,1181.71,CRC,0.13,kg,segunda,,2025-11-10,2025-11-28,,,161,available,2025-11-10,2025-11-10,True
PP-7J4YLP0GJ0,PR-331,CAT-0092,2040.96,CRC,0.13,bandeja 12u,premium,,2025-11-10,2025-11-20,,,64,available,2025-11-10,2025-11-10,True
PP-P71CEDV60U,PR-603,CAT-0093,2795.7,CRC,0.13,manojo,premium,,2025-11-10,2025-11-21,,,168,available,2025-11-10,2025-11-10,True
PP-VJX7LIOH5Y,PR-726,CAT-0094,2931.31,CRC,0.13,bolsa 500g,standard,,2025-11-10,2025-11-30,,,86,available,2025-11-10,2025-11-10,True
PP-Q2EHYOPFJS,PR-578,CAT-0095,1394.07,CRC,0.13,bolsa 500g,standard,,2025-11-10,2025-12-03,,,46,available,2025-11-10,2025-11-10,True
PP-0E8O49ROS0,PR-603,CAT-0096,1863.97,CRC,0.13,docena,standard,,2025-11-10,2025-11-12,,,60,available,2025-11-10,2025-11-10,True
PP-VM60YF33X8,PR-967,CAT-0097,2432.92,CRC,0.13,bolsa 500g,standard,,2025-11-10,2025-11-17,,,33,available,2025-11-10,2025-11-10,True
PP-7IGD0QMZUV,PR-967,CAT-0098,2007.6,CRC,0.13,docena,standard,,2025-11-10,2025-11-25,,,25,available,2025-11-10,2025-11-10,True
PP-D6BIF1M9L0,PR-306,CAT-0099,1370.47,CRC,0.13,docena,premium,,2025-11-10,2025-12-10,,,161,available,2025-11-10,2025-11-10,True
PP-020IDHI4TZ,PR-485,CAT-0100,1660.0,CRC,0.13,docena,standard,,2025-11-10,2025-11-19,,,178,available,2025-11-10,2025-11-10,True
PP-E3DVM8DCIA,PR-996,CAT-0101,2902.66,CRC,0.13,kg,premium,,2025-11-10,2025-11-22,,,58,available,2025-11-10,2025-11-10,True
PP-923Y7HQZM4,PR-490,CAT-0102,2166.75,CRC,0.13,unidad,premium,,2025-11-10,2025-11-13,,,42,available,2025-11-10,2025-11-10,True
PP-TNZYJT4K4K,PR-112,CAT-0103,1296.79,CRC,0.13,unidad,segunda,,2025-11-10,2025-11-14,,,36,available,2025-11-10,2025-11-10,True
PP-AMU8Z0GTGS,PR-285,CAT-0046,2661.08,CRC,0.13,manojo,premium,,2025-11-10,2025-11-21,,,83,available,2025-11-10,2025-11-10,True
PP-R9Y1CA7UEZ,PR-285,CAT-0048,2514.62,CRC,0.13,kg,standard,,2025-11-10,2025-11-27,,,11,available,2025-11-10,2025-11-10,True
PP-Y85LZC8COZ,PR-994,CAT-0083,2761.96,CRC,0.13,bolsa 500g,standard,,2025-11-10,2025-11-30,,,38,available,2025-11-10,2025-11-10,True
PP-XCC5VFML9G,PR-994,CAT-0031,2946.5,CRC,0.13,kg,segunda,,2025-11-10,2025-11-20,,,162,available,2025-11-10,2025-11-10,True
PP-0IX3SBX2KX,PR-967,CAT-0012,1248.81,CRC,0.13,docena,segunda,,2025-11-10,2025-11-15,,,54,available,2025-11-10,2025-11-10,True
PP-TV5RFOBK5L,PR-967,CAT-0060,2362.12,CRC,0.13,manojo,segunda,,2025-11-10,2025-11-30,,,42,available,2025-11-10,2025-11-10,True
PP-NVZKYFEQI5,PR-967,CAT-0060,1477.72,CRC,0.13,manojo,standard,,2025-11-10,2025-11-28,,,182,available,2025-11-10,2025-11-10,True
PP-F1D35LVXFB,PR-811,CAT-0059,4931.52,CRC,0.13,bolsa 500g,segunda,,2025-11-10,2025-12-10,,,54,available,2025-11-10,2025-11-10,True
PP-CGW7TJO6YH,PR-811,CAT-0038,1467.27,CRC,0.13,manojo,segunda,,2025-11-10,2025-11-29,,,132,available,2025-11-10,2025-11-10,True
PP-5PVGKGS907,PR-548,CAT-0005,1282.76,CRC,0.13,kg,segunda,,2025-11-10,2025-11-23,,,98,available,2025-11-10,2025-11-10,True
PP-W2VDB81HZ9,PR-548,CAT-0086,1732.27,CRC,0.13,kg,premium,,2025-11-10,2025-12-06,,,79,available,2025-11-10,2025-11-10,True
PP-MPA9BPIQCF,PR-548,CAT-0056,2541.86,CRC,0.13,kg,premium,,2025-11-10,2025-11-18,,,167,available,2025-11-10,2025-11-10,True
PP-5DZV7OWV5C,PR-306,CAT-0034,1004.12,CRC,0.13,docena,standard,,2025-11-10,2025-11-23,,,192,available,2025-11-10,2025-11-10,True
PP-VRW9OGRNTQ,PR-306,CAT-0053,2278.48,CRC,0.13,bolsa 500g,segunda,,2025-11-10,2025-11-23,,,106,available,2025-11-10,2025-11-10,True
PP-CVSKWIQ0AT,PR-306,CAT-0031,2568.3,CRC,0.13,bolsa 500g,standard,,2025-11-10,2025-12-03,,,153,available,2025-11-10,2025-11-10,True
PP-IRF2V6AN7Y,PR-112,CAT-0012,1716.75,CRC,0.13,bolsa 500g,segunda,,2025-11-10,2025-12-04,,,154,available,2025-11-10,2025-11-10,True
PP-PKV770JWXJ,PR-112,CAT-0052,1011.85,CRC,0.13,bolsa 500g,segunda,,2025-11-10,2025-11-24,,,184,available,2025-11-10,2025-11-10,True
PP-OUBNSKBR6K,PR-613,CAT-0013,1273.56,CRC,0.13,docena,premium,,2025-11-10,2025-11-30,,,159,available,2025-11-10,2025-11-10,True
PP-ALPHINRXFA,PR-613,CAT-0020,2515.13,CRC,0.13,manojo,premium,,2025-11-10,2025-11-24,,,40,available,2025-11-10,2025-11-10,True
PP-SDSEVPRHJ4,PR-572,CAT-0011,1020.28,CRC,0.13,manojo,standard,,2025-11-10,2025-11-20,,,121,available,2025-11-10,2025-11-10,True
PP-XU56FANYJ9,PR-572,CAT-0079,926.01,CRC,0.13,kg,premium,,2025-11-10,2025-11-24,,,58,available,2025-11-10,2025-11-10,True
PP-4AZHCNM8OZ,PR-318,CAT-0033,1799.53,CRC,0.13,bolsa 500g,segunda,,2025-11-10,2025-11-18,,,90,available,2025-11-10,2025-11-10,True
PP-BY0ML2ZRVK,PR-318,CAT-0080,2692.95,CRC,0.13,unidad,segunda,,2025-11-10,2025-11-28,,,80,available,2025-11-10,2025-11-10,True
PP-XYKP1PMSMI,PR-318,CAT-0065,1588.38,CRC,0.13,docena,segunda,,2025-11-10,2025-12-09,,,96,available,2025-11-10,2025-11-10,True
PP-0MVQMF9QI5,PR-578,CAT-0033,1787.54,CRC,0.13,bandeja 12u,segunda,,2025-11-10,2025-11-25,,,85,available,2025-11-10,2025-11-10,True
PP-LCV0AAP434,PR-578,CAT-0067,1211.49,CRC,0.13,bolsa 500g,premium,,2025-11-10,2025-12-09,,,56,available,2025-11-10,2025-11-10,True
PP-VQ1AQVD8D8,PR-578,CAT-0083,1883.45,CRC,0.13,bolsa 500g,segunda,,2025-11-10,2025-12-03,,,148,available,2025-11-10,2025-11-10,True
PP-0Z27OKB8F4,PR-140,CAT-0060,2947.52,CRC,0.13,bolsa 500g,segunda,,2025-11-10,2025-12-09,,,69,available,2025-11-10,2025-11-10,True
PP-9I6BS4Q7ZY,PR-140,CAT-0011,2504.71,CRC,0.13,kg,premium,,2025-11-10,2025-11-20,,,32,available,2025-11-10,2025-11-10,True
PP-3SN43ECAZ8,PR-140,CAT-0090,1211.14,CRC,0.13,manojo,standard,,2025-11-10,2025-11-14,,,45,available,2025-11-10,2025-11-10,True
PP-3HIK2V9I5N,PR-409,CAT-0022,1064.01,CRC,0.13,manojo,premium,,2025-11-10,2025-12-08,,,155,available,2025-11-10,2025-11-10,True
PP-K1JKKZXE2E,PR-409,CAT-0060,1202.78,CRC,0.13,unidad,standard,,2025-11-10,2025-11-22,,,160,available,2025-11-10,2025-11-10,True
PP-HC3U3NR2YT,PR-409,CAT-0055,1697.47,CRC,0.13,manojo,segunda,,2025-11-10,2025-11-13,,,103,available,2025-11-10,2025-11-10,True
PP-ZVORQJMED0,PR-409,CAT-0092,1291.71,CRC,0.13,unidad,segunda,,2025-11-10,2025-11-16,,,50,available,2025-11-10,2025-11-10,True
PP-FJWZ9X49B8,PR-715,CAT-0040,1921.07,CRC,0.13,docena,premium,,2025-11-10,2025-12-09,,,27,available,2025-11-10,2025-11-10,True
PP-5O7KTKINIU,PR-715,CAT-0063,2780.16,CRC,0.13,kg,premium,,2025-11-10,2025-11-28,,,82,available,2025-11-10,2025-11-10,True
PP-XRSIIK4Q7Y,PR-715,CAT-0011,1325.69,CRC,0.13,bolsa 500g,standard,,2025-11-10,2025-11-20,,,147,available,2025-11-10,2025-11-10,True
PP-F2H51XU3JP,PR-351,CAT-0018,1718.8,CRC,0.13,bolsa 500g,premium,,2025-11-10,2025-11-23,,,195,available,2025-11-10,2025-11-10,True
PP-ONJT2UL508,PR-351,CAT-0070,2012.73,CRC,0.13,bolsa 500g,standard,,2025-11-10,2025-11-12,,,154,available,2025-11-10,2025-11-10,True
PP-W2GNQ3ZLYA,PR-351,CAT-0083,2803.25,CRC,0.13,bolsa 500g,premium,,2025-11-10,2025-11-17,,,176,available,2025-11-10,2025-11-10,True
PP-BO9JAKH99J,PR-351,CAT-0089,1555.76,CRC,0.13,unidad,premium,,2025-11-10,2025-12-09,,,108,available,2025-11-10,2025-11-10,True
PP-UI2YN64TVL,PR-949,CAT-0080,2149.98,CRC,0.13,unidad,standard,,2025-11-10,2025-11-13,,,163,available,2025-11-10,2025-11-10,True
PP-CXC3WP45MJ,PR-949,CAT-0022,1381.78,CRC,0.13,manojo,standard,,2025-11-10,2025-12-03,,,90,available,2025-11-10,2025-11-10,True
PP-PVH0SCKPN1,PR-603,CAT-0096,2515.77,CRC,0.13,unidad,standard,,2025-11-10,2025-11-23,,,16,available,2025-11-10,2025-11-10,True
PP-9R4ZK9THQR,PR-603,CAT-0070,1274.12,CRC,0.13,kg,segunda,,2025-11-10,2025-11-23,,,127,available,2025-11-10,2025-11-10,True
PP-LT5J64T41B,PR-892,CAT-0086,1119.58,CRC,0.13,bolsa 500g,premium,,2025-11-10,2025-11-29,,,193,available,2025-11-10,2025-11-10,True
PP-TRBIJUCVS4,PR-892,CAT-0020,1172.35,CRC,0.13,bolsa 500g,premium,,2025-11-10,2025-12-07,,,165,available,2025-11-10,2025-11-10,True
PP-K626ZP1RT3,PR-892,CAT-0084,1413.07,CRC,0.13,unidad,segunda,,2025-11-10,2025-12-08,,,25,available,2025-11-10,2025-11-10,True
PP-XB6C9TANS1,PR-485,CAT-0090,978.15,CRC,0.13,docena,segunda,,2025-11-10,2025-12-01,,,89,available,2025-11-10,2025-11-10,True
PP-3EBZWG1S58,PR-485,CAT-0011,1949.95,CRC,0.13,docena,standard,,2025-11-10,2025-11-21,,,18,available,2025-11-10,2025-11-10,True
PP-6IR7NZW8HX,PR-726,CAT-0002,1576.32,CRC,0.13,kg,premium,,2025-11-10,2025-12-03,,,14,available,2025-11-10,2025-11-10,True
PP-SQUHRCSYPP,PR-726,CAT-0094,2636.55,CRC,0.13,unidad,premium,,2025-11-10,2025-11-18,,,21,available,2025-11-10,2025-11-10,True
PP-Y01PFLH08L,PR-726,CAT-0080,2422.41,CRC,0.13,bandeja 12u,segunda,,2025-11-10,2025-11-27,,,62,available,2025-11-10,2025-11-10,True
PP-DQZUNIF31W,PR-125,CAT-0009,1803.23,CRC,0.13,kg,standard,,2025-11-10,2025-11-24,,,142,available,2025-11-10,2025-11-10,True
PP-6T1CF2KJLV,PR-125,CAT-0061,2227.3,CRC,0.13,kg,standard,,2025-11-10,2025-11-18,,,108,available,2025-11-10,2025-11-10,True
PP-9WG3GFSN88,PR-125,CAT-0091,2643.39,CRC,0.13,bolsa 500g,premium,,2025-11-10,2025-11-26,,,101,available,2025-11-10,2025-11-10,True
PP-WG1K38545W,PR-125,CAT-0101,2799.12,CRC,0.13,bolsa 500g,segunda,,2025-11-10,2025-11-21,,,57,available,2025-11-10,2025-11-10,True
PP-0NEVRLJZND,PR-331,CAT-0071,1766.53,CRC,0.13,manojo,segunda,,2025-11-10,2025-11-15,,,170,available,2025-11-10,2025-11-10,True
PP-IEQL9HQYI9,PR-331,CAT-0078,1945.57,CRC,0.13,kg,standard,,2025-11-10,2025-12-09,,,45,available,2025-11-10,2025-11-10,True
PP-4CC6U2ZFTE,PR-135,CAT-0082,2264.24,CRC,0.13,docena,segunda,,2025-11-10,2025-11-15,,,69,available,2025-11-10,2025-11-10,True
PP-L7MZ5KV3W9,PR-135,CAT-0095,2591.38,CRC,0.13,bandeja 12u,standard,,2025-11-10,2025-11-15,,,76,available,2025-11-10,2025-11-10,True
PP-DNG5OL4HD9,PR-135,CAT-0064,2789.69,CRC,0.13,bolsa 500g,standard,,2025-11-10,2025-11-14,,,73,available,2025-11-10,2025-11-10,True
PP-A4QWDX0KAT,PR-135,CAT-0064,2185.83,CRC,0.13,docena,standard,,2025-11-10,2025-12-03,,,190,available,2025-11-10,2025-11-10,True
PP-LUZ05OFQ7C,PR-867,CAT-0069,2604.94,CRC,0.13,bolsa 500g,segunda,,2025-11-10,2025-11-27,,,164,available,2025-11-10,2025-11-10,True
PP-VJ3IL4G098,PR-867,CAT-0065,1367.96,CRC,0.13,bandeja 12u,segunda,,2025-11-10,2025-11-28,,,123,available,2025-11-10,2025-11-10,True
PP-XLO5RC5E4C,PR-867,CAT-0091,2683.13,CRC,0.13,kg,premium,,2025-11-10,2025-11-21,,,109,available,2025-11-10,2025-11-10,True
PP-WYIY83KFC1,PR-590,CAT-0085,1192.57,CRC,0.13,bandeja 12u,segunda,,2025-11-10,2025-11-13,,,106,available,2025-11-10,2025-11-10,True
PP-ETEBCSB6VJ,PR-590,CAT-0032,2380.29,CRC,0.13,bolsa 500g,standard,,2025-11-10,2025-11-24,,,11,available,2025-11-10,2025-11-10,True
PP-O0VG59ZJ9F,PR-590,CAT-0081,1437.76,CRC,0.13,kg,standard,,2025-11-10,2025-12-03,,,188,available,2025-11-10,2025-11-10,True
PP-13MDKXOO7Z,PR-920,CAT-0021,375.64,CRC,0.13,kg,standard,,2025-11-10,2025-11-20,,,174,available,2025-11-10,2025-11-10,True
PP-9EE1O4PELL,PR-920,CAT-0064,925.46,CRC,0.13,bandeja 12u,standard,,2025-11-10,2025-11-11,,,123,available,2025-11-10,2025-11-10,True
PP-UCN41CHJLB,PR-920,CAT-0073,1009.35,CRC,0.13,bolsa 500g,premium,,2025-11-10,2025-11-11,,,54,available,2025-11-10,2025-11-10,True
PP-PXQA918IMN,PR-818,CAT-0074,2924.15,CRC,0.13,manojo,segunda,,2025-11-10,2025-11-28,,,116,available,2025-11-10,2025-11-10,True
PP-6J56A816XU,PR-818,CAT-0048,1643.62,CRC,0.13,kg,standard,,2025-11-10,2025-12-04,,,25,available,2025-11-10,2025-11-10,True
PP-VNEXRBC1RM,PR-818,CAT-0052,985.84,CRC,0.13,bolsa 500g,premium,,2025-11-10,2025-11-19,,,188,available,2025-11-10,2025-11-10,True
PP-TZRSUUUO36,PR-818,CAT-0013,2856.64,CRC,0.13,kg,premium,,2025-11-10,2025-12-10,,,65,available,2025-11-10,2025-11-10,True
PP-ZX5VUSXCPC,PR-490,CAT-0009,1406.78,CRC,0.13,kg,premium,,2025-11-10,2025-11-22,,,154,available,2025-11-10,2025-11-10,True
PP-RO293GHDPQ,PR-490,CAT-0053,903.51,CRC,0.13,bandeja 12u,premium,,2025-11-10,2025-11-30,,,126,available,2025-11-10,2025-11-10,True
PP-5TSXG6MAO8,PR-490,CAT-0101,2349.2,CRC,0.13,manojo,segunda,,2025-11-10,2025-11-18,,,132,available,2025-11-10,2025-11-10,True
PP-9IJXAASRYC,PR-996,CAT-0065,2314.43,CRC,0.13,docena,premium,,2025-11-10,2025-11-24,,,138,available,2025-11-10,2025-11-10,True
PP-HATUWW81VN,PR-996,CAT-0101,1194.64,CRC,0.13,manojo,standard,,2025-11-10,2025-11-25,,,127,available,2025-11-10,2025-11-10,True
PP-U7CWLNMN1J,PR-996,CAT-0087,1587.19,CRC,0.13,unidad,standard,,2025-11-10,2025-12-04,,,46,available,2025-11-10,2025-11-10,True
PP-DUNJ8Q4OGL,PR-123,CAT-0083,1332.46,CRC,0.13,kg,standard,,2025-11-10,2025-11-14,,,186,available,2025-11-10,2025-11-10,True
PP-58YQP8ISGN,PR-123,CAT-0005,688.55,CRC,0.13,kg,premium,,2025-11-10,2025-11-15,,,24,available,2025-11-10,2025-11-10,True
PP-UH5I3LJKC6,PR-123,CAT-0060,1997.29,CRC,0.13,unidad,standard,,2025-11-10,2025-12-05,,,61,available,2025-11-10,2025-11-10,True
PP-K18UXYNZ38,PR-123,CAT-0096,2596.31,CRC,0.13,unidad,segunda,,2025-11-10,2025-11-24,,,191,available,2025-11-10,2025-11-10,True
